lesson_id	date	line_id	subject	lesson	status
les-20260915-acpkernel-boundary-model	2026-09-15T21:55:47Z	acpkernel-boundary-model	ACP kernel decoupling prior art: what does acp-kernel's boundary model (one injected port, state-in/state-out, DESIGN.md s5) teach hngh's port enforcement?	The findings from the ACP kernel's boundary model provide a clear and robust framework that can be directly applied to Hngh's port enforcement, simplifying security measures and ensuring system integrity.	active
les-20260915-acpkernel-process-track	2026-09-15T21:55:47Z	acpkernel-process-track	What does a solo author's issue-RFC + self-merge + release-PR cadence (acp-kernel #166/#167/#168, release PRs #240/#243/#246) teach hngh's public design visibility and backlog-disposition practice?	The findings provide actionable recommendations that can improve public design visibility and backlog-disposition practices, making them valuable for implementation.	active
les-20260915-adversarial-review-patterns	2026-09-15T21:55:47Z	adversarial-review-patterns	adversarial fresh-eyes review cadences for interfaces and agent work	concrete dual-track cadence and State Clarity Standard are immediately actionable for live interface and agent-workflow surfaces.	active
les-20260915-alert-to-work-routing-patterns-closing-the-self-observation-loop	2026-09-15T21:55:47Z	alert-to-work-routing-patterns-closing-the-self-observation-loop	alert-to-work routing patterns: closing the self-observation loop	grounded design complete with open threads resolved; the alert-class→candidate-step table is the ready input for the existing "Alert → plan-candidate routing" backlog row.	active
les-20260915-bigeye-caution-audit	2026-09-15T21:55:47Z	bigeye-caution-audit	What does suanrongqieqiezi/bigeye actually contain when its Chinese docs are translated and audited (persona-overwrite claims, unlicensed binaries, committed credential-format config), and what collection policy should govern unknown-proven	the verified deliverable (unknown-provenance repo collection policy plus verified/hypothesized beat-format fix) should drive hngh work now; repo-content claims remain explicitly uncitable.	active
les-20260915-ceremony-cost-reduction-batching-kernel-doc-landings-safely	2026-09-15T21:55:47Z	ceremony-cost-reduction-batching-kernel-doc-landings-safely	ceremony-cost reduction: batching kernel doc landings safely	The findings provide a clear rationale for batching doc landings, which can significantly reduce the ceremony cost for small doc changes. The safety boundary is well-defined, and the recommendation to keep per-slice ceremonies fo	active
les-20260915-cistern-architecture-review	2026-09-15T21:55:47Z	cistern-architecture-review	Review the Cistern emacs game's clean architecture (17K LOC; domain/game/view/input/driver layers, one state object threaded everywhere) against Hngh's own core/edge doctrine — which patterns transfer, which diverge?	actionable 5-layer layout, dependency audit, and state-guard recommendations map directly onto Hngh's core/edge doctrine and should drive work now	active
les-20260915-ctx-compaction-strategies	2026-09-15T21:55:47Z	ctx-compaction-strategies	Which long-session compaction strategies (checkpointing state at turn boundaries) let a reborn session reorient in one bounded read without losing verified facts?	coherent, non-duplicate terminal record whose concrete design constraints (fact ledger, write-time-bounded Tier 0, freshness validation) directly address a demonstrated hngh failure mode and should drive implementation now.	active
les-20260915-fail-20260909-slow-unit-dropin-33-research-beat.sh	2026-09-15T21:55:47Z	fail-20260909-slow-unit-dropin-33-research-beat.sh	Why does cadence/hour/33-research-beat.sh show wall=28.3s against a 0.1s median (x9, later 387.1s vs 174.6s median), is that latency a defect or expected model-leg work, and what disposition (fix or park) does the beat design support?	F3's primary truncation artifact plus the drifting median justify the bounded-model-leg fix now, sequenced OT1-verification-first; park rejected while tail grows.	active
les-20260915-fail-20260910-overnight-plan-accept-blocked-2026-09-09-stall-recovery-and-operator-surfaces	2026-09-15T21:55:47Z	fail-20260910-overnight-plan-accept-blocked-2026-09-09-stall-recovery-and-operator-surfaces	Why did plan 2026-09-09-stall-recovery-and-operator-surfaces fail auto-accept twice with "step 1 has no Verification line", and is the acceptance blocker still open or already resolved by the plan acceptance and step-1 audit-close?	findings are internally consistent, corroborated by prior-art sources, and recommendations drive concrete acceptance-pipeline work; O1/O2 remain open but do not block adoption	active
les-20260915-fail-20260911-overnight-plan-accept-gate-kernel	2026-09-15T21:55:47Z	fail-20260911-overnight-plan-accept-gate-kernel	Why is the kernel gate (make test rc=2) red for two days and what exact commits break the loop-history guard — can the miss be declared and re-certified through the loop without rewriting history?	F3 provides a concrete, non-destructive remediation path (append-only supersede) that directly resolves the line's core question and de-risks the two-day red gate by prioritizing R1 triage over speculative guard blame.	active
les-20260915-fail-20260911-system-network-down	2026-09-15T21:55:47Z	fail-20260911-system-network-down	Why does the oversight system-network-down flag fire nightly while push/ping/GitHub keep working — what does the headroom predicate actually measure, and which probe makes it honest?	F1 is confirmed from line evidence and F4's reachability battery is a code-independent fix; the split-signal change plus one-night instrumentation and T1's predicate read are concrete, cheap next steps that drive work now.	active
les-20260915-fail-20260911-ui-audit-axe-aria-required-children	2026-09-15T21:55:47Z	fail-20260911-ui-audit-axe-aria-required-children	Why does the ui-audit axe scan report aria-required-children on #tabs (role=tablist) when the static HTML carries nine role=tab children, which element is the disallowed child, and what disposition (fix or park) closes the alert that re-occ	Findings correctly identify that disposition is blocked on extracting the specific offending node from axe JSON; R1-R3 provide actionable next steps to resolve the recurring alert.	active
les-20260915-fail-20260912-Does-lib-quips-py-expose-any-existing-te	2026-09-15T21:55:47Z	fail-20260912-Does-lib-quips-py-expose-any-existing-te	Does lib/quips.py expose any existing template-validation or rendering hook where a wink-marker lexical guard could land as configuration rather than new infrastructure?	The finding definitively rules out the "configuration-only" hypothesis, confirming that code modification to `lib/quips.py` is required; this drives the immediate implementation decision.	active
les-20260915-fail-20260912-Does-the-hngh-kernel-emit-user-facing-st	2026-09-15T21:55:47Z	fail-20260912-Does-the-hngh-kernel-emit-user-facing-st	Does the hngh kernel emit user-facing strings (error messages, status output, commit trailers) that constitute a third voice lane requiring assessment against the four moves and the register-law?	Findings establish structural obligations (R1, R6) that apply to all future kernel work; empirical threads (T1-T5) are correctly scoped as activation conditions for follow-up actions.	active
les-20260915-fail-20260912-What-audit-sampling-and-uncertainty-tier	2026-09-15T21:55:47Z	fail-20260912-What-audit-sampling-and-uncertainty-tier	What audit sampling and uncertainty tiering should gate OpenAlex/Crossref OA-status fields before they are trusted to enforce the R3 two-class license split at ingest?	Core logic (access vs. license, asymmetric error, conservative default) is structurally sound and legally necessary; statistical/sampling details are tunable parameters, not blocking flaws.	active
les-20260915-fail-20260912-correction-3146c023	2026-09-15T21:55:47Z	fail-20260912-correction-3146c023	Why did clicking "mark read" on the dashboard report queue appear to do nothing for reports (76 aggregated occurrences by 2026-09-12T19:18Z), and what disposition (fix or park) closes it?	The line correctly identifies a high-severity silent failure with a cheap diagnostic path; the evidence-gated fix disposition is appropriate for immediate execution.	active
les-20260915-fail-20260912-correction-b61fed0f	2026-09-15T21:55:47Z	fail-20260912-correction-b61fed0f	Why does the sessions observatory (dashboard tab "Sessions · observatory") not scroll on either side — the session list (left) and the transcript detail (right) — per operator correction b61fed0f "Scrolling seems to be broken, both sides.",	The findings correctly identify a standard CSS containment gap causing symmetric scroll failure; the fix is bounded, low-risk, and high-impact, making "fix" the only viable disposition.	active
les-20260915-fail-20260912-field-survey-literature-collection	2026-09-15T21:55:47Z	fail-20260912-field-survey-literature-collection	What open-source data collection methods (libgen/sci-hub-class corpora, web archives, RSS/API aggregation) can gather supporting and detracting literature for hngh research lines in the wild, and what provenance/licensing guardrails must su	findings survive disconfirmation; F1 needs PDF re-scoping and R3 needs audited license metadata, but R1/R3 should drive ingest design now.	active
les-20260915-fail-20260912-overnight-plan-accept-gate-kernel	2026-09-15T21:55:47Z	fail-20260912-overnight-plan-accept-gate-kernel	Was the 2026-09-12 kernel make test rc=2 that blocked routed-plan acceptance a real kernel defect or a load transient, and what disposition (fix or park) closes alert identity overnight:plan-accept-gate:kernel?	Findings confirm gate information-starvation and mandate immediate controlled retest (R3) to classify defect-vs-transient; parking violates evidence-gated discipline.	active
les-20260915-fail-20260912-patrol-automation-gate	2026-09-15T21:55:47Z	fail-20260912-patrol-automation-gate	Why did patrol fire gate-stale "no gate crumb found" on hngh-automation (routed 2026-09-12T21:03Z), and what disposition (fix or park) closes alert identity patrol:automation-gate?	The alert represents an active infrastructure integrity risk (monitoring failure) requiring immediate verification and fix; parking would leave a blind spot in automation health.	active
les-20260915-fail-20260912-slow-unit-dropin-33-research-beat.sh	2026-09-15T21:55:47Z	fail-20260912-slow-unit-dropin-33-research-beat.sh	Why does dropin:33-research-beat.sh keep re-firing slow-unit rows (wall=137.4s median=0.2s x10 on 09-12, wall=552.5s median=108.9s x10 on 09-13; identity re-routed 5x since 2026-09-08), is that latency a defect or by-design bimodality, and 	Structural diagnosis of bimodality and accumulation artifact is high-confidence; R1/R2 verification path is clear and low-cost.	active
les-20260915-fail-20260912-sn-627926	2026-09-15T21:55:47Z	fail-20260912-sn-627926	What makes the feedback correction fail-20260912-sn-627926 (links on the dashboard Plans page 404) actionable, and what smallest ROOT-CAUSE fix addresses it?	The line correctly isolates the failure to the enumerator/renderer seam and provides a falsifiable disambiguation test; driving this work now will yield the specific root-cause class (H1/H2/H3) required for the smallest fix.	active
les-20260915-fail-20260913-Are-there-any-existing-integration-tests	2026-09-15T21:55:47Z	fail-20260913-Are-there-any-existing-integration-tests	Are there any existing integration tests or CI pipelines that already exercise the `lib/automation.py` `bin/hngh` boundary, and do they pass with the current implementation?	The absence of a synchronous CI gate for a recently unstable boundary (F3/F4) poses an active regression risk; recommendations R1-R2 are immediately actionable to close this gap.	active
les-20260915-fail-20260913-Can-lint-level-checks-mechanically-flag-	2026-09-15T21:55:47Z	fail-20260913-Can-lint-level-checks-mechanically-flag-	Can lint-level checks mechanically flag unattributed async status emissions and unmarked trailers at authoring time, and at what false-positive cost?	Findings are directionally sound but FP costs underestimated; adopt with implementation caveats for API abstraction and higher FP tolerance.	active
les-20260915-fail-20260913-Does-lib-automation-py-invoke-bin-hngh-v	2026-09-15T21:55:47Z	fail-20260913-Does-lib-automation-py-invoke-bin-hngh-v	Does `lib/automation.py` invoke `bin/hngh` via `subprocess` or direct module import?	Findings provide a clear, low-cost disambiguation path (R1) and conditional recommendations (R2/R4) that should drive immediate local verification and subsequent architectural alignment.	active
les-20260915-fail-20260913-Does-reading-cadence-hour-33-research-be	2026-09-15T21:55:47Z	fail-20260913-Does-reading-cadence-hour-33-research-be	Does reading cadence/hour/33-research-beat.sh confirm that wall_s wraps the model call and that no timeout/max_tokens guard exists, closing OT1?	The findings correctly identify that OT1 is unresolved due to missing script inspection; R1 (grep/inspect) is the immediate required action to close the loop and enable R2 fixes.	active
les-20260915-fail-20260913-Does-the-CLI-entry-point-bin-hngh-or-lib	2026-09-15T21:55:47Z	fail-20260913-Does-the-CLI-entry-point-bin-hngh-or-lib	Does the CLI entry point (`bin/hngh`) or `lib/automation.py` expose a global logging filter or output sanitizer where a wink-marker guard could be applied without modifying `lib/quips.py` itself?	The line correctly identifies that guard placement is conditional on dispatch topology and edit-block scope; resolving these two open threads (OT1, OT2) will force a clear architectural choice (shared sanitizer vs. external wrapp	active
les-20260915-fail-20260913-Has-the-upstream-guardrail-bug-from-2026	2026-09-15T21:55:47Z	fail-20260913-Has-the-upstream-guardrail-bug-from-2026	Has the upstream guardrail bug from 2026-08-25 been resolved in the current kernel version, and does `lib/automation.py` now handle the corrected CLI contract without errors?	Findings are logically sound, risks are explicitly mapped, and the R1-R6 procedure provides a clear path to resolution; no disconfirming evidence found.	active
les-20260915-fail-20260914-Do-host-level-telemetry-outside-the-line	2026-09-15T21:55:47Z	fail-20260914-Do-host-level-telemetry-outside-the-line	Do host-level telemetry outside the line record (sysstat/sar archives, journald OOM-killer entries, cron logs) survive for the 2026-09-12 window, allowing retroactive defect-vs-transient classification without waiting for a controlled retes	R1 is still executable within the 4-day degradation window (today is 2026-09-15, window was 2026-09-12); parking would actively degrade sar/cron survival odds and convert a resolvable question into an unresolvable one; the protoc	active
les-20260915-fail-20260914-Does-the-Sessions-observatory-tab-use-a-	2026-09-15T21:55:47Z	fail-20260914-Does-the-Sessions-observatory-tab-use-a-	Does the `Sessions observatory` tab use a shared layout component with other dashboard tabs, and if so, do those tabs exhibit similar scrolling issues?	The crystallized record provides valid decision rules (R1-R4) and high-prior hypotheses (F2, F4) that must guide the next host-capable verification pass.	active
les-20260915-fail-20260914-Does-the-backend-log-show-76-successful-	2026-09-15T21:55:47Z	fail-20260914-Does-the-backend-log-show-76-successful-	Does the backend log show 76 successful `200 OK` responses for `mark-read` requests that failed to persist, or 76 client-side errors?	core question unanswered and all findings unverified, but the incident is live; drive the verification greps and log pull now, block all remediation until evidence lands	active
les-20260915-fail-20260914-Does-the-current-systemctl-status-or-equ	2026-09-15T21:55:47Z	fail-20260914-Does-the-current-systemctl-status-or-equ	Does the current `systemctl status` or equivalent execution log for the hngh-automation crumb writer show a failure state or last-run timestamp prior to 2026-09-12T21:03Z?	Findings identify a critical instrumentation gap with concrete, low-cost remediation steps (R1-R5) that must be executed to ensure crumb writer reliability; line drives immediate operational work.	active
les-20260915-fail-20260914-Does-the-github-ci-workflow-definition-c	2026-09-15T21:55:47Z	fail-20260914-Does-the-github-ci-workflow-definition-c	Does the github-ci workflow definition contain an embedded copy of the patrol verdict rule, and does it diff against the kernel's canonical rules file?	The drift of a binding constraint is an active integrity risk; the findings correctly identify the gap and recommend immediate mechanical reconciliation (diff/sync), which requires filesystem access to execute.	active
les-20260915-fail-20260914-Does-the-reaction-class-need-to-be-split	2026-09-15T21:55:47Z	fail-20260914-Does-the-reaction-class-need-to-be-split	Does the `reaction` class need to be split into `reaction-internal` and `reaction-external` to satisfy the "closed vocabulary" constraint in R1?	Findings correctly identify that the need for a split is conditional on R1 scope and current code closure; no counter-evidence found as the recommendation is a decision procedure, not a fixed action.	active
les-20260915-fail-20260914-What-is-the-current-maximum-length-of-se	2026-09-15T21:55:47Z	fail-20260914-What-is-the-current-maximum-length-of-se	What is the current maximum length of session transcripts in the system, and does it exceed the viewport height without virtualization?	Findings are structurally sound and corroborated; actionable recommendations (source read + potential virtualization implementation) drive immediate work.	active
les-20260915-fail-20260914-Where-exactly-in-home-bricker-Projects-e	2026-09-15T21:55:47Z	fail-20260914-Where-exactly-in-home-bricker-Projects-e	Where exactly in ~/Projects/etc/hngh does the plan-accept gate harness consume the make exit code, and what is the minimal patch surface to capture failing target, trailing stderr, and /proc metrics at failure time (R2 precondit	The findings are directionally sound, epistemically honest about their unverified status, and the probe-first plan is the correct next action; no counter-evidence disconfirms the core claims, and the open threads (T1–T4) are prec	active
les-20260915-fail-20260914-Which-artifact-records-the-plan-acceptan	2026-09-15T21:55:47Z	fail-20260914-Which-artifact-records-the-plan-acceptan	Which artifact records the plan-acceptance event for 2026-09-09-stall-recovery-and-operator-surfaces, and does it distinguish parse_pass from operator override as R2 requires?	question remains unanswered and blocks R2; execute the R1 filesystem inspection now, using a representational-capacity (not boolean-schema) compliance test.	active
les-20260915-fail-20260914-push-divergence-jcode-20260914	2026-09-15T21:55:47Z	fail-20260914-push-divergence-jcode-20260914	Why did the 2026-09-14T19:00Z push land non-fast-forward (2nd refusal), and what coordination rule prevents two same-host jcode sessions from racing origin main?	findings are Git-semantically sound and corroborated by related unattended/remote-access docs; disconfirmation surfaced only gaps (missing reflog, tip-moved edge case) not counter-evidence, and the line is correctly crystallized	active
les-20260915-fail-20260915-Are-there-existing-tests-in-the-reposito	2026-09-15T21:55:47Z	fail-20260915-Are-there-existing-tests-in-the-reposito	Are there existing tests in the repository that assert on the distinction between clean-complete and timeout-complete states, or is this gap untested?	the gap question is unresolved and cheaply closable; execute the three-search protocol (plus CI/script fallback) next beat before any verdict of "untested" can stand.	active
les-20260915-fail-20260915-Does-the-beat-script-s-state-model-disti	2026-09-15T21:55:47Z	fail-20260915-Does-the-beat-script-s-state-model-disti	Does the beat script's state model distinguish between "timeout-complete" and "in-progress" markers, and if not, what is the minimal patch to close this gap?	Findings are logically consistent, supported by related design patterns, and provide a clear verification-gated path to resolution; no counter-evidence found.	active
les-20260915-fail-20260915-Does-the-hngh-automation-provisioning-te	2026-09-15T21:55:47Z	fail-20260915-Does-the-hngh-automation-provisioning-te	Does the hngh-automation provisioning template set `Storage=persistent` for journald and enable sysstat collection, or are test hosts ephemeral containers that destroy all three telemetry classes at teardown?	The findings correctly identify a false dichotomy and provide a clear 2x2 resolution path; R1 (ingesting prior art) is the immediate, low-cost action that drives work now.	active
les-20260915-fail-20260915-Does-the-hngh-kernels-reconciliation-loo	2026-09-15T21:55:47Z	fail-20260915-Does-the-hngh-kernels-reconciliation-loo	Does the hngh kernels reconciliation loop currently handle a "timeout_complete" state by triggering a retry, or does it require a new handler branch?	The question is well-posed, the answer space is fully enumerated, and the single unblocking action (T1) is a grep; the findings drive immediate work by defining the mechanical verification step and design constraints.	active
les-20260916-fail-20260915-Does-the-obs-2026-08-25-hngh-automation-	2026-09-16T01:05:39Z	fail-20260915-Does-the-obs-2026-08-25-hngh-automation-	Does the `obs-2026-08-25-hngh-automation-overnight-harness-built-verified-enabled` file contain the grep output for `Storage=persistent` in the journald configuration template?	The unresolved factual check is resolvable by one targeted read and should drive immediate verification.	active
les-20260916-fail-20260915-Does-the-research-lines-tsv-schema-inclu	2026-09-16T01:11:36Z	fail-20260915-Does-the-research-lines-tsv-schema-inclu	Does the `research-lines.tsv` schema include a field that explicitly maps each state (e.g., `planned`, `expanding`) to a corresponding page-rendering template or output path?	Findings provide valid procedural method (R1-R4) to resolve the empirical question; execution of probes is required now.	active
les-20260916-fail-20260915-Has-R1-systemctl-status-list-timers-jour	2026-09-16T04:06:09Z	fail-20260915-Has-R1-systemctl-status-list-timers-jour	Has R1 (systemctl status / list-timers / journalctl capture) been executed and persisted to the repo since crystallization on 2026-09-15, and if not, what is the escalation path for an unexecuted verification recommendation?	The research question is answered (R1 unverified); findings provide the necessary escalation path and acceptance criteria to drive immediate operational action.	active
les-20260916-fail-20260915-If-R1-confirms-1-surviving-class-on-1-ho	2026-09-16T05:14:44Z	fail-20260915-If-R1-confirms-1-surviving-class-on-1-ho	If R1 confirms 1 surviving class on 1 host, does the OOM-killer log signature in the hngh kernel match mainline `mm/oom_kill.c` format strings, or has the path been restructured such that the R3 grep patterns require modification?	The findings correctly identify that the OOM log signature is unverified and provide a concrete verification procedure (R-A) that must be executed before any pattern changes; adopting this line drives the immediate next step of r	active
les-20260916-fail-20260915-If-drift-is-confirmed-in-the-scroll-beha	2026-09-16T04:13:31Z	fail-20260915-If-drift-is-confirmed-in-the-scroll-beha	If drift is confirmed in the scroll behavior, which other nominally-shared dashboard behaviors (e.g. tab-state persistence, cost display per `2026-08-28-session-cost-display.md`) exhibit the same duplicated-and-diverged pattern?	pattern confirmed (twice, not thrice) and the R1 sweep is the correct, immediately actionable confirmation gate for all open instances.	active
les-20260916-fail-20260915-What-are-the-exact-file-paths-for-the-ca	2026-09-16T08:34:30Z	fail-20260915-What-are-the-exact-file-paths-for-the-ca	What are the exact file paths for the canonical verdict rule in the kernel repo and the embedded copy in the hngh-automation CI workflow?	Findings correctly identify epistemic gap and provide durable structural recommendations (dedup/tripwire) that drive work; path resolution is a trivial follow-on.	active
les-20260916-fail-20260915-What-make-version-does-the-repo-s-toolch	2026-09-16T10:51:27Z	fail-20260915-What-make-version-does-the-repo-s-toolch	What make version does the repo's toolchain use, and does its failure-line format match `make: *** [target] Error N` for reliable failing-target extraction?	The findings correctly identify the need for robust recursive make error extraction and accurately flag the unresolved Make version as a gap requiring further investigation.	active
les-20260916-fail-20260915-Which-specific-environment-variables-or-	2026-09-16T12:20:58Z	fail-20260915-Which-specific-environment-variables-or-	Which specific environment variables or binary paths constitute the "subprocess-stub-seam" documented in the vault pointer for hermetic testing?	The findings correctly identify a critical evidence gap (missing primary source read) and provide executable steps to resolve it; adopting this line triggers the necessary code inspection actions.	active
les-20260916-fail-20260916-Are-there-any-captured-build-logs-from-h	2026-09-16T13:05:57Z	fail-20260916-Are-there-any-captured-build-logs-from-h	Are there any captured build logs from `hngh`'s CI runs available in the repository (e.g., in an `artifacts/` or `logs/` directory) that demonstrate actual recursive make error lines?	Adversarial review confirmed no counter-evidence; line is blocked only by a trivial filesystem check (R1) that will resolve the existence of CI logs.	active
les-20260916-fail-20260916-Does-the-file-sources-obs-2026-08-25-hng	2026-09-16T16:50:45Z	fail-20260916-Does-the-file-sources-obs-2026-08-25-hng	Does the file `sources/obs-2026-08-25-hngh-automation-overnight-harness-built-verified-enabled` contain the literal string `Storage=persistent`?	The line is unresolved with a defined, executable procedure (R1) to settle the binary question; findings drive immediate execution of the probe.	active
les-20260916-fail-20260916-Does-the-harness-verification-script-hng	2026-09-16T22:52:01Z	fail-20260916-Does-the-harness-verification-script-hng	Does the harness verification script (`hngh-automation/verify.sh` or equivalent) already include a `grep -qF 'Storage=persistent'` check that would make the external audit redundant?	The C1-C3 framework correctly identifies that token presence is insufficient for redundancy proof; the line must remain open to gather empirical evidence (R1-R5) from the unverified repo.	active
les-20260916-fail-20260916-Is-there-a-verified-file-path-under-home	2026-09-16T22:05:42Z	fail-20260916-Is-there-a-verified-file-path-under-home	Is there a verified file path under `~/Projects/etc/hngh` that defines a journald configuration template with `Storage=persistent`?	The line is resolvable by executing the specified filesystem probes on an idle host; the criteria for closure are fully defined and the next action is immediate.	active
les-20260916-fail-20260916-What-is-the-exact-exit-status-and-match-	2026-09-16T22:13:11Z	fail-20260916-What-is-the-exact-exit-status-and-match-	What is the exact exit status and match count of running `LC_ALL=C grep -F -- 'Storage=persistent' sources/obs-2026-08-25-hngh-automation-overnight-harness-built-verified-enabled`?	Findings correctly identify command semantics and epistemic limits; recommendations provide immediate executable steps to resolve the undetermined status.	active
les-20260917-fail-20260916-What-is-the-exact-systemd-unit-name-e-g-	2026-09-17T04:04:56Z	fail-20260916-What-is-the-exact-systemd-unit-name-e-g-	What is the exact systemd unit name (e.g., `hngh.service`, `hngh-timer.timer`) required to execute the R1 verification commands?	The findings correctly identify that static analysis has failed to locate unit definitions in standard formats and that drift history necessitates live inspection; this drives the immediate action of executing `systemctl list-uni	active
les-20260917-fail-20260916-Which-specific-SLSA-level-e-g-Level-1-2-	2026-09-17T04:12:00Z	fail-20260916-Which-specific-SLSA-level-e-g-Level-1-2-	Which specific SLSA level (e.g., Level 1, 2, or 3) in `[[sources/SRC-2026-08-24-006]]` mandates the retention of build logs as a hard compliance gate for hngh?	The findings correctly identify a category error in the question, establishing that SLSA does not mandate project-specific log retention; recommendations provide actionable guidance for aligning internal policy with SLSA norms.	active
les-20260917-fail-20260917-Can-a-single-Merkle-tree-root-hash-serve	2026-09-17T07:05:27Z	fail-20260917-Can-a-single-Merkle-tree-root-hash-serve	Can a single Merkle tree root hash serve as both the integrity proof for the in-toto statement and the retention anchor for the audit log, eliminating the need for separate artifacts?	The Composite Seal pattern is the correct architectural resolution; refine retention metadata handling but proceed with implementation.	active
les-20260917-fail-20260917-Can-the-signed-in-toto-provenance-statem	2026-09-17T05:33:45Z	fail-20260917-Can-the-signed-in-toto-provenance-statem	Can the signed in-toto provenance statement generated by `hngh`'s CI pipeline be used as the sole evidence for satisfying both the internal log-retention gate and external SLSA conformance?	The findings provide a definitive "No" with clear architectural recommendations (dual-evidence model) that must drive immediate implementation work to satisfy the gates.	active
les-20260918-fail-20260917-Do-audit-records-in-hngh-automation-util	2026-09-18T13:24:58Z	fail-20260917-Do-audit-records-in-hngh-automation-util	Do audit records in `hngh-automation` utilize the worker scratch store, and if so, does the path-collision bug (`obs-2026-08-26`) cause data loss or conflation of audit entries across wakes?	The findings correctly isolate the bug to scratch store data integrity, confirming audit storage safety; the open thread regarding value corruption is a valid follow-on but does not invalidate the current conclusion on storage co	active
les-20260917-fail-20260917-Does-the-Sigstore-policy-engine-support-	2026-09-17T10:48:03Z	fail-20260917-Does-the-Sigstore-policy-engine-support-	Does the Sigstore policy engine support a "custom predicate handler" plugin that can interpret non-standard `predicateType` URIs without modifying the core validation logic?	The negative finding is robust; the architectural separation between static Go verification and kernel-space plugins is clear, and the recommended shim pattern is actionable.	active
les-20260917-fail-20260917-Does-the-hngh-automation-CI-pipeline-cod	2026-09-17T08:34:31Z	fail-20260917-Does-the-hngh-automation-CI-pipeline-cod	Does the `hngh-automation` CI pipeline code contain any conditional logic that keys the execution or failure of the log-retention gate to a `slsa-level` metadata field?	The findings correctly establish the evidentiary standard for a positive/negative claim and identify the specific audit moves (R1) required to resolve the line; executing this audit is the necessary next step.	active
les-20260917-fail-20260917-Does-the-hngh-build-policy-explicitly-bi	2026-09-17T06:12:45Z	fail-20260917-Does-the-hngh-build-policy-explicitly-bi	Does the `hngh` build policy explicitly bind its internal log-retention gate to SLSA Level 2 or higher, and if so, is that binding documented in a compliance file?	The findings correctly identify the absence of an explicit textual binding between the log-retention gate and SLSA L2 status, supported by permissive policy language and self-disclaimed compliance file status; this ambiguity requ	active
les-20260917-fail-20260917-Does-the-in-toto-v1-schema-support-a-pre	2026-09-17T09:13:03Z	fail-20260917-Does-the-in-toto-v1-schema-support-a-pre	Does the `in-toto` v1 schema support a `predicateType` that explicitly encodes retention policy metadata, or is sidecar logging the only standard-compliant approach?	The findings correctly identify that in-toto v1 lacks a standard retention predicate type and that sidecar logging is the only approach preserving byte-identical compatibility with strict verifiers; this directly informs the hngh	active
les-20260917-fail-20260917-How-does-the-Composite-Seal-pattern-inte	2026-09-17T12:28:00Z	fail-20260917-How-does-the-Composite-Seal-pattern-inte	How does the "Composite Seal" pattern interact with `hngh-automation`'s current retention policiesspecifically, can a "hold marker" be added to a sealed segment without invalidating the original signature (e.g., via a sidecar or re-signing)	Findings are architecturally sound, align with industry standards for immutable logs, and provide clear constraints (R1-R4) for implementation; code-level gaps are open threads for the next beat, not blockers.	active
les-20260917-fail-20260917-Is-there-a-canonical-definition-of-R1-in	2026-09-17T13:04:54Z	fail-20260917-Is-there-a-canonical-definition-of-R1-in	Is there a canonical definition of "R1" in any `hngh-automation` documentation or CI/CD pipeline configuration (e.g., `.github/workflows/r1.yml`) that specifies the exact verification commands?	Findings correctly identify absence of CI/CD pipeline for R1 and point to local harness; drives necessary documentation updates.	active
les-20260917-fail-20260917-Is-there-a-defined-audit-log-facility-in	2026-09-17T14:34:51Z	fail-20260917-Is-there-a-defined-audit-log-facility-in	Is there a defined "audit log" facility in `hngh-automation` that is itself sealed/signed, as required by R2/R4, or would this need to be built from scratch?	The findings correctly identify the critical gap (unconfirmed sealing/signing status) and provide a valid decision fork (build vs. extend), despite some speculative risks (scratch store) that need verification; adopting this line	active
les-20260918-fail-20260917-What-is-the-absolute-path-of-the-overnig	2026-09-18T20:04:53Z	fail-20260917-What-is-the-absolute-path-of-the-overnig	What is the absolute path of the overnight harness entry-point script (e.g., `run.sh`) in the `hngh-automation` checkout, and can it be cited as the canonical source for R1 verification?	The findings correctly identify that the path and R1 definition are unverified due to redaction and prior failures; adopting this line drives the necessary host inspection to resolve the canonical source.	active
les-20260918-fail-20260918-Does-the-path-collision-bug-in-the-scrat	2026-09-18T20:08:14Z	fail-20260918-Does-the-path-collision-bug-in-the-scrat	Does the path-collision bug in the scratch store lead to incorrect computational values being recorded in audit logs, thereby compromising data integrity despite storage separation?	The findings correctly identify that logical identity (path) reuse compromises audit integrity despite physical storage separation, and the recommendations (unique execution-scoped paths, value snapshotting) are actionable and ad	active
les-20260915-gdelt-gkg-trends	2026-09-15T21:55:47Z	gdelt-gkg-trends	GDELT GKG deeper features: which theme-timeline deltas, V2Counts enrichments, and multi-window NumSources aggregation would measurably improve the morning paper's story selection (docs/records/2026-09-12-gdelt-source.md deferrals)?	the record gives an ordered, testable plan (R1 harness first, then V2Counts, NumSources, theme-velocity) with clear success criteria and live open threads that should drive immediate work.	active
les-20260915-govbench-adapter-contract	2026-09-15T21:55:47Z	govbench-adapter-contract	What adapter contract lets different change-governance systems run the same governance benchmark unmodified?	The research has provided concrete evidence that the `govbench-adapter-contract` enables different change-governance systems to run the same governance benchmark unmodified, which is a significant advancement. This finding should	active
les-20260915-govbench-ci-evidence	2026-09-15T21:55:47Z	govbench-ci-evidence	What CI/CD systems publish machine-checkable evidence of change governance, and what do their artifacts cover?	This research line is crucial for understanding the current landscape of CI/CD systems and their artifacts, which will drive the development and governance of change in our own systems.	active
les-20260915-govbench-scenario-corpus	2026-09-15T21:55:47Z	govbench-scenario-corpus	What scenario corpus (benign, adversarial, partial-failure changes) exercises a governance benchmark honestly?	This research line is crucial for developing a comprehensive governance benchmark and should drive current work.	active
les-20260915-govbench-voting-prior-art	2026-09-15T21:55:47Z	govbench-voting-prior-art	What prior art exists for procedural voting on changes (sign-offs, LGTM counts, quorum rules) and how is it scored?	The document provides a clear starting point for researching procedural voting mechanisms and their scoring in the hngh kernel repository. It sets the foundation for further detailed analysis and implementation.	active
les-20260915-harness-delegation-patterns	2026-09-15T21:55:47Z	harness-delegation-patterns	How do OpenSandbox's contract-first ports, Multica's task-barrier daemon version-follow and worktree GC, and jcode's mode-gated spawn depth and single-writer plan slot compare to hngh's worker/ceremony architecture, and which isolation and 	ranked, low-cost transfers (R1–R4) with cleanly scoped verification gates ready to drive kernel hardening work immediately	active
les-20260915-humor-development	2026-09-15T21:55:47Z	humor-development	Which deadpan craft-narration moves (Tatsumi A Drifting Life mode: the mundane played absolutely straight, wit from restraint) should the house voice adopt per lane (lib/quips.py quip lanes, generated-article closers), and what register-law	The "Inward Dryness" register-law is a valid UX principle preventing user mockery; adopt the principle but replace the brittle "grammatical object" enforcement with a simple lexical ban on second-person pronouns, and drop the ove	active
les-20260915-log-presentation-patterns	2026-09-15T21:55:47Z	log-presentation-patterns	log-presentation patterns	Crystallized slice-first, contract-driven log presentation guidance is actionable and should shape logging and UI work now, with implementation validation as the next step.	active
les-20260915-logs-known-good-patterns	2026-09-15T21:55:47Z	logs-known-good-patterns	log organization/navigation/presentation patterns for the logs overhaul	The findings provide a clear and actionable framework for improving log organization, navigation, and presentation in `hngh/hngh-automation`, which are essential for effective automation operations, audit, and debugging.	active
les-20260915-os-harness-cross-platform-patterns	2026-09-15T21:55:47Z	os-harness-cross-platform-patterns	What patterns let one harness core late-bind to different DE/WM (KDE/GNOME/X11), editors, and browsers without hardcoding per-platform edges?	The crystallized findings define enforceable cross-platform harness patterns (capability negotiation, adapter boundaries, discovery-based binding, declarative target specs) that directly drive work now.	active
les-20260915-os-harness-systemd-integration	2026-09-15T21:55:47Z	os-harness-systemd-integration	What depth of systemd integration (user units, generators, timer-vs-unit tradeoffs) makes an OS-harness harness cleanly alongside a host systemd rather than fighting it?	the crystallized contract fixes actionable, CI-greppable systemd integration rules (user manager, timer+oneshot default, no generators, linger) with only cheap verification open.	active
les-20260918-patrol-20260914-automation-gate-gate-red	2026-09-18T21:34:14Z	patrol-20260914-automation-gate-gate-red	patrol: surface automation-gate filed gate-red on two consecutive runs -- why does it keep failing and which guardrail closes it?	Findings correctly shift posture from transient retry to deterministic inspection of guardrail preconditions, driving immediate debugging work.	active
les-20260915-patrol-20260914-github-ci-bad-execution	2026-09-15T21:55:47Z	patrol-20260914-github-ci-bad-execution	patrol: surface github-ci filed bad-execution on two consecutive runs -- why does it keep failing and which guardrail closes it?	F1/F3/F4 survive adversarial review; F2 is downgraded to open hypothesis pending the R1 diff, but all three recommendations are actionable now and the diff is the single cheapest decisive test.	active
les-20260915-patrol-20260914-journal-error-unclaimed-err	2026-09-15T21:55:47Z	patrol-20260914-journal-error-unclaimed-err	patrol: surface journal-error filed unclaimed-err on two consecutive runs -- why does it keep failing and which guardrail closes it?	The findings correctly identify a claim-side lifecycle gap causing recurring unclaimed-err failures; the proposed run-close invariant and explicit 'waived' state are necessary, bounded guardrails to close the loop and prevent dem	active
les-20260919-patrol-20260915-journal-error-unit-not-practiced	2026-09-19T15:01:00Z	patrol-20260915-journal-error-unit-not-practiced	patrol: surface journal-error filed unit-not-practiced on two consecutive runs -- why does it keep failing and which guardrail closes it?	Findings point to a concrete state persistence or guardrail execution defect confirmed by consecutive failure escalation; immediate diagnosis of storage mechanism and auto-closure expectations is required.	active
les-20260915-remote-access-patterns	2026-09-15T21:55:47Z	remote-access-patterns	remote access patterns: WoL, tailnet VPN, SSH, headless dashboard exposure	The findings provide a clear and structured approach to remote access that aligns with security best practices and should drive the work for `hngh/hngh-automation`.	active
les-20260915-research-publishing-pipelines	2026-09-15T21:55:47Z	research-publishing-pipelines	research publishing pipelines: reports, papers, books from crystallized lines	contracted implementation spec with concrete schema, templates, and routing logic ready to drive hngh-automation engineering now	active
les-20260915-session-cost-display-formats	2026-09-15T21:55:47Z	session-cost-display-formats	session-cost display formats	The findings provide a clear path forward for integrating cost display into the existing session identity rendering, and the recommendations align with the current codebase structure.	active
les-20260915-story-beat-taxonomy	2026-09-15T21:55:47Z	story-beat-taxonomy	Which story-beat taxonomy (save-the-cat beats, Haruhi-style scene beats, or comic-specific action-beat/reaction-beat pairs) should annotate manga-draft.py's beat structure, and how does each beat class map to narrative_mode (image-only/dial	Establishes the correct granularity (Action/Reaction) for `narrative_mode` mapping and defines the annotation schema for `manga-draft.py`, driving immediate implementation work.	active
les-20260915-synth-2026-09-08-1	2026-09-15T21:55:47Z	synth-2026-09-08-1	How does Bernstein's "CI re-verifies the committed receipt on every push to main" mechanism map onto Hngh's current ledger-sync commit race, and can a similar CI gate be added to prevent published proofs from rotting?	The research provides a clear mapping and potential improvement that can drive immediate implementation to enhance Hngh's CI practices.	active
les-20260915-synth-2026-09-10-1	2026-09-15T21:55:47Z	synth-2026-09-10-1	How does Bernstein's "CI re-verifies the committed receipt on every push to main" mechanism map onto Hngh's current ledger-sync commit race, and what specific guardrail prevents published proofs from rotting in the unversioned plan ledger?	delivers a concrete checkpoint-binding guardrail and minimal invariant ready to drive ledger-sync/proof-publish work; open threads are first implementation steps, not blockers	active
les-20260915-synth-2026-09-10-3	2026-09-15T21:55:47Z	synth-2026-09-10-3	How should the ctx-compaction-strategies findings (fact ledger, write-time-bounded Tier 0, freshness validation) be implemented against the demonstrated hngh failure mode, and what are the specific codebase integration points for these desi	The distilled recommendations provide clear, actionable constraints that can drive implementation work. Integration points are well-defined, and the grounding pass ensures verifiability.	active
les-20260915-tech-tree-research-ux	2026-09-15T21:55:47Z	tech-tree-research-ux	tech-tree research UX precedents	Aligns with the current needs of `hngh` and `hngh-automation` for decision-making and automation execution.	active
les-20260915-telemetry-schema-exemplars	2026-09-15T21:55:47Z	telemetry-schema-exemplars	telemetry schema exemplars	The findings highlight critical needs for a stable semantic contract and exemplar preservation, which are essential for effective observability in automation systems. These implications drive the necessity for a structured schema	active
les-20260915-unattended-plan-authoring-safety-operator-accepted-machine-drafted-plans	2026-09-15T21:55:47Z	unattended-plan-authoring-safety-operator-accepted-machine-drafted-plans	unattended plan authoring safety: operator-accepted machine-drafted plans	This research line provides crucial insights into ensuring safety in unattended plan authoring, which is essential for the development and deployment of automated systems. The findings should drive immediate work to enhance opera	active
les-20260915-unattended-session-budgets	2026-09-15T21:55:47Z	unattended-session-budgets	budget optimization for unattended model sessions: caps, quotas, cost telemetry	crystallized thesis is settled, directly actionable for hngh-automation (budget manifests, external enforcement, kill-path telemetry); only defect is a truncated F10 ending to repair as a doc fix.	active
les-20260915-virtual-assistant-ux	2026-09-15T21:55:47Z	virtual-assistant-ux	virtual assistant as companion surface: configuration, actions, guidance UX	The findings provide clear, actionable guidelines for improving the UX of a virtual assistant in an automation context, which are directly relevant and valuable for `hngh/hngh-automation`.	active
les-20260915-wiki-viewer-qol	2026-09-15T21:55:47Z	wiki-viewer-qol	wiki-viewer QoL comparison	The research findings provide a clear and actionable set of requirements for improving the user experience of the wiki viewer, which are directly applicable to the `hngh/hngh-automation` application.	active
